country,2009,2010,2011,2012,2013,2014,2015,2016,2017,2018,2019
Aruba,,,,,,,,,,,
Afghanistan,82.83300018,82.70400238,82.59400177,82.48200226,82.38600159,82.32299805,82.29799652,82.20700073,82.14800262,82.13400269,82.12799835
Angola,80.44300079,80.46499634,80.55500031,80.58200073,80.54599762,80.47899628,80.3789978,80.30599976,80.17900085,80.08699799,79.98899841
Albania,64.29199982,62.98400116,64.41100311,66.11699677,62.64599991,63.88199997,65.16100311,65.06099701,64.9960022,64.88200378,64.7519989
Andorra,,,,,,,,,,,
Arab World,74.12665635,74.62709778,74.69428634,74.77601679,74.94668192,74.58297344,74.10049211,73.74819253,73.71077228,73.6990528,73.67468744
United Arab Emirates,93.60700226,94.54199982,94.36000061,94.23400116,94.23100281,94.40200043,94.70999908,94.06300354,93.54299927,93.36799622,93.40799713
Argentina,74.56099701,74.32299805,74.5019989,74.10299683,73.9240036,73.47499847,73.35099792,73.16699982,72.96099854,72.8219986,72.68900299
Armenia,67.69599915,71.61699677,70.89600372,70.51499939,70.56900024,70.78600311,70.16300201,69.75099945,69.70200348,69.86699677,69.93199921
American Samoa,,,,,,,,,,,
Antigua and Barbuda,,,,,,,,,,,
Australia,72.33100128,72.4509964,72.2460022,71.77200317,71.41200256,70.98699951,71.14099884,70.65100098,70.70200348,70.53099823,70.34999847
Austria,67.05899811,66.86399841,66.62400055,66.64800262,66.64199829,66.10199738,65.99299622,66.22200012,66.15299988,65.91799927,65.64800262
Azerbaijan,67.59799957,67.52300262,67.37200165,67.63899994,67.96399689,68.36199951,68.68199921,69.71399689,70.04499817,69.72299957,69.35199738
Burundi,78.56999969,78.23999786,77.81400299,77.42199707,77.04699707,76.66799927,77.02600098,77.32900238,77.61299896,77.63700104,77.60600281
Belgium,60.375,60.79299927,59.67399979,59.72200012,59.70600128,59.38299942,59.14400101,58.96300125,59.10900116,58.87799835,58.63299942
Benin,73.68299866,72.9509964,73.76399994,73.69999695,73.59300232,73.48699951,73.42900085,73.38300323,73.30799866,73.30999756,73.31300354
Burkina Faso,83.02500153,81.70500183,80.30500031,78.81300354,77.22399902,75.53299713,75.45500183,75.36299896,75.24900055,75.10900116,74.96199799
Bangladesh,83.7009964,83.14700317,82.59999847,82.0490036,81.49299622,80.93299866,80.3690033,79.80500031,81.41100311,81.31700134,81.21900177
Bulgaria,61.01800156,59.52799988,58.23300171,58.70299911,59.59000015,60.08599854,60.14799881,59.58100128,61.74000168,61.6230011,61.48799896
Bahrain,86.85700226,87.38600159,86.64700317,86.84899902,86.98100281,87.05899811,86.99500275,86.94499969,87.1289978,87.24900055,87.44799805
"Bahamas, The",81.88500214,81.86199951,81.81999969,81.69799805,81.77600098,81.89600372,82.09400177,82.11399841,82.0039978,82.01100159,81.95300293
Bosnia and Herzegovina,60.0719986,59.92599869,59.66500092,59.3390007,58.93799973,58.5340004,58.41899872,58.80099869,58.69800186,58.58599854,58.45500183
Belarus,69.06199646,69.5510025,69.90499878,70.2460022,70.55599976,70.80799866,70.99700165,70.94999695,70.64900208,70.3259964,69.96199799
Belize,82.63300323,82.67099762,82.91699982,83.17299652,82.51699829,81.78399658,80.9489975,81.13800049,81.3219986,81.39900208,81.4940033
Bermuda,,,,,,,,,,,
Bolivia,81.86100006,82.04599762,82.10600281,80.01300049,79.91799927,81.80999756,79.74500275,81.03600311,79.34500122,79.34999847,79.35900116
Brazil,77.44799805,76.61199951,75.7460022,76.24299622,76.10299683,75.65799713,75.42199707,74.94499969,74.60099792,74.43099976,74.2539978
Barbados,73.8809967,73.05200195,72.97399902,71.96399689,72.01899719,69.0490036,69.94100189,70.4960022,70.09500122,69.63300323,69.15699768
Brunei Darussalam,75.51100159,75.29799652,75.00299835,74.59799957,74.11499786,73.60700226,73.09400177,72.56400299,72.01699829,71.67099762,71.30400085
Bhutan,75.62599945,74.31800079,72.83200073,67.30999756,72.8219986,72.41899872,74.125,74.22599792,74.33699799,74.49099731,74.58699799
Botswana,70.375,67.27799988,71.95999908,75.52400208,78.26899719,78.26300049,78.39700317,78.40799713,78.41300201,78.64099884,78.84100342
Central African Republic,79.75499725,79.66000366,79.92199707,80.0719986,80.64700317,80.59500122,80.41000366,80.13200378,79.78299713,79.8030014,79.83300018
Canada,71.77200317,71.44400024,71.28299713,70.93000031,70.78500366,70.44999695,70.45200348,70.10600281,70.02300262,69.73899841,69.43699646
Central Europe and the Baltics,63.40610089,63.75108669,63.46881059,63.83606067,64.02955326,64.5551551,64.69860407,64.76662326,65.4377951,65.14528277,64.82916219
Switzerland,75.22899628,74.30799866,74.62599945,74.38700104,74.10199738,74.1230011,74.22499847,74.42700195,74.32499695,74.08599854,73.82700348
Channel Islands,68.06999969,67.56700134,67.57800293,67.23699951,66.94300079,66.59200287,66.31099701,65.96700287,65.67900085,65.40699768,65.10900116
Chile,74.8809967,74.97100067,75.47499847,75.10199738,74.85600281,74.68900299,74.84300232,74.33100128,74.20700073,74.20500183,74.19000244
China,78.2440033,77.87999725,77.70899963,77.54499817,77.35600281,77.13999939,76.88200378,76.56700134,76.26599884,75.8690033,75.43000031
Cote d'Ivoire,73.25800323,72.27300262,71.27200317,70.26100159,69.2480011,68.2460022,67.26300049,66.28399658,66.11699677,65.99099731,65.88200378
Cameroon,82.7440033,81.35900116,81.4509964,81.52899933,81.57900238,81.58699799,81.55000305,81.52200317,81.45600128,81.36499786,81.26499939
"Congo, Dem. Rep.",69.57299805,68.73300171,67.875,66.9940033,66.96099854,66.87200165,66.77400208,66.76999664,66.65699768,66.46099854,66.25800323
"Congo, Rep.",71.4469986,71.50900269,71.80599976,71.97699738,72.0530014,71.98100281,71.92299652,71.89700317,71.66100311,71.56199646,71.44599915
Colombia,82.41400146,82.69999695,83.19499969,83.56600189,82.92700195,83.01000214,83.04299927,82.60099792,82.13400269,82.04199982,81.94100189
Comoros,50.11500168,50.13199997,50.18899918,50.24900055,50.30099869,50.39099884,50.49700165,50.57400131,50.60900116,50.69400024,50.77000046
Cabo Verde,74.53299713,74.42700195,74.24700165,74.05799866,73.84700012,73.60199738,73.31900024,73.20400238,73.09500122,73.15399933,73.1780014
Costa Rica,77.81099701,76.64900208,75.08399963,77.38400269,76.85500336,76.77400208,75.41400146,73.80500031,74.7990036,74.63200378,74.42199707
Caribbean small states,74.54434598,73.8810364,73.45992514,73.23799075,73.3060136,73.30548795,73.34243958,73.28805476,73.41132854,73.31454574,73.19251351
Cuba,69.34999847,68.86499786,68.68900299,68.625,68.34700012,68.0739975,67.84999847,67.63600159,67.41100311,67.36299896,67.2519989
Curacao,,,,,,,,,,,
Cayman Islands,,,,,,,,,,,
Cyprus,70.76999664,70.61199951,69.68499756,69.58499908,69.19999695,68.73400116,67.42900085,67.04699707,67.3690033,67.15399933,66.90200043
Czech Republic,68.20700073,67.9509964,67.47499847,67.69400024,68.14800262,68.34600067,68.24099731,68.6309967,68.76399994,68.43800354,68.09300232
Germany,66.57299805,66.46099854,66.73000336,66.59799957,66.63400269,66.52400208,66.21700287,66.27500153,66.34200287,66.21600342,66.0739975
Djibouti,73.58599854,73.2990036,72.96399689,72.63999939,72.32499695,72,71.67099762,71.42099762,71.14099884,71.14099884,71.13899994
Dominica,,,,,,,,,,,
Denmark,70.18199921,69.06999969,68.40899658,67.35299683,66.16100311,66.26300049,66.44000244,67.39299774,66.02999878,65.93399811,65.84500122
Dominican Republic,73.51799774,73.97899628,75.22100067,75.58699799,75.73100281,76.05000305,77.875,77.84300232,77.58200073,77.58499908,77.57499695
Algeria,69.72200012,70.04599762,69.48799896,68.9280014,70.1969986,67.40599823,67.43900299,67.49199677,67.56500244,67.42199707,67.16999817
East Asia & Pacific (excluding high income),78.99169437,78.71578816,78.70944481,78.62681197,78.4077749,78.21384308,77.9474834,77.54119228,77.26966441,76.96237516,76.62480553
Early-demographic dividend,79.57924448,79.28580545,79.07689887,78.91203464,78.79246329,78.60551473,78.47830536,78.24419027,78.19106678,78.14288111,78.08873788
East Asia & Pacific,78.17952679,77.90403008,77.86834162,77.76702059,77.56654136,77.41257586,77.17700857,76.82777689,76.59462857,76.3016608,75.9823109
Europe & Central Asia (excluding high income),68.21882063,68.61440332,68.91808547,68.98752727,69.25852429,69.47200026,69.79619559,69.97124667,70.04354909,69.83487076,69.58368731
Europe & Central Asia,66.64444859,66.65203716,66.64894288,66.69418244,66.68131027,66.69021739,66.77285738,66.85256394,66.86678344,66.63464035,66.37391124
Ecuador,81.23300171,80.4940033,79.84200287,79.85199738,79.48999786,80.03800201,81.18399811,81.45600128,81.95999908,81.83699799,81.69799805
"Egypt, Arab Rep.",74.61599731,75.69100189,75.85399628,76.27799988,76.4980011,76.26300049,74.06600189,73.31400299,73.19499969,73.22299957,73.21099854
Euro area,64.77648267,64.42805411,64.11345662,64.08617108,63.75165517,63.45443164,63.28954933,63.2194315,63.19530193,62.90169114,62.5880596
Eritrea,86.2539978,86.55999756,86.78399658,87,87.1989975,87.35099792,87.43000031,87.3219986,87.13400269,87.09500122,87.04699707
Spain,67.59600067,67.30699921,66.67099762,66.15499878,65.5,64.96600342,64.70300293,64.23000336,63.83599854,63.35900116,62.84199905
Estonia,68.17700195,67.06999969,67.89700317,68.28700256,68.31900024,68.90200043,69.51599884,70.56700134,71.23999786,70.88899994,70.48999786
Ethiopia,89.17299652,88.9260025,88.69300079,88.46099854,88.23300171,87.76699829,87.3010025,86.93399811,86.51799774,86.5039978,86.5039978
European Union,65.06245947,64.86617692,64.55459046,64.62018082,64.42202741,64.30782685,64.21862062,64.19249447,64.24427261,63.99080489,63.71800402
Fragile and conflict affected situations,75.37795732,75.02708924,74.7657006,74.43707432,74.21023728,74.01715305,73.82524067,73.54793756,73.35465892,73.25457746,73.15520205
Finland,64.0490036,63.86199951,64.04299927,63.56700134,62.77299881,62.39799881,62.2879982,62.15100098,62.47800064,62.2179985,61.97299957
Fiji,79.03700256,79.20200348,79.44400024,78.40699768,77.26399994,75.9940033,76.28800201,76.52400208,76.2990036,76.08799744,75.84200287
France,62.12799835,61.9620018,61.54399872,61.70299911,61.43399811,60.84600067,60.70299911,60.43199921,60.33399963,60.03499985,59.75099945
Faroe Islands,,,,,,,,,,,
"Micronesia, Fed. Sts.",,,,,,,,,,,
Gabon,57.76399994,58.06800079,58.18600082,58.39699936,58.64300156,58.95800018,59.29499817,59.69900131,60.05799866,60.18000031,60.24399948
United Kingdom,68.91300201,68.55799866,68.29100037,68.48699951,68.39700317,68.2539978,68.18800354,68.1740036,67.80599976,67.75700378,67.68699646
Georgia,74.69999695,75.05999756,77,78.47599792,77.83300018,78.25900269,78.70300293,78.66300201,78.56099701,78.69400024,78.76100159
Ghana,72.76799774,72.51599884,72.31900024,72.12000275,71.91899872,71.72399902,71.53399658,71.5490036,71.46399689,71.47599792,71.46900177
Gibraltar,,,,,,,,,,,
Guinea,66.91100311,66.71600342,66.53600311,66.31700134,66.12599945,65.92900085,65.73699951,65.47799683,65.19999695,65.13200378,65.0719986
"Gambia, The",68.77600098,68.73600006,68.69200134,68.63899994,68.47000122,68.33300018,68.08499908,67.95600128,67.6969986,67.69300079,67.69999695
Guinea-Bissau,78.83699799,78.72200012,78.70700073,78.8010025,78.83000183,78.88200378,78.85800171,78.89499664,78.89800262,78.91200256,78.91200256
Equatorial Guinea,67.34799957,67.84600067,67.53500366,67.32099915,67.35099792,67.60800171,67.97000122,67.46700287,67.11399841,67.10600281,67.36299896
Greece,64.76599884,64.47000122,63.47399902,62.73500061,62.34700012,61.48300171,61.05400085,60.9640007,61.08599854,60.68899918,60.25299835
Grenada,,,,,,,,,,,
Greenland,,,,,,,,,,,
Guatemala,84.47399902,84.2519989,84.03900146,87.69599915,83.5490036,84.40599823,85.51699829,84.98799896,85.02400208,85.04100037,85.07499695
Guam,78.7519989,78.43199921,78.16500092,78.05500031,77.77899933,77.51399994,77.28099823,77.06800079,76.82900238,76.65799713,76.48899841
Guyana,75.93599701,75.41300201,74.8809967,74.46700287,74.16200256,73.96199799,73.81300354,73.66899872,73.6190033,73.56300354,73.50499725
High income,69.31363342,68.98689064,68.73428206,68.74030117,68.59360878,68.47081488,68.43606971,68.46130127,68.46190972,68.26111804,68.05715393
"Hong Kong SAR, China",68.98799896,68.08300018,68.00299835,68.38700104,68.9240036,68.50499725,68.50700378,68.34300232,68.07800293,67.81600189,67.48000336
Honduras,84.16799927,84.81800079,83.46900177,82.81099701,84.85500336,84.9469986,84.70600128,83.84600067,83.73600006,83.64800262,83.56500244
Heavily indebted poor countries (HIPC),79.73754483,79.42341537,79.11865154,78.75104335,78.56650445,78.31758623,78.03381212,77.89070785,77.6961029,77.65763747,77.61874943
Croatia,60.35300064,59.82699966,59.8769989,58.9640007,57.76499939,58.93000031,59.38000107,58.00699997,58.56000137,58.23300171,57.88899994
Haiti,70.7519989,71.49500275,71.46900177,71.61299896,71.65499878,71.78800201,72.02400208,72.27300262,72.53299713,72.7460022,72.93900299
Hungary,58.16899872,58.15599823,58.54600143,59.27099991,60.16899872,61.98099899,63.38000107,64.56900024,65.28600311,65.03900146,64.82299805
IBRD only,77.86910727,77.5964178,77.45769873,77.35433181,77.21324936,77.05188572,76.87249407,76.6003231,76.40785452,76.22212499,76.01773579
IDA & IBRD total,77.79328298,77.51578374,77.34729591,77.21955633,77.07577696,76.87870857,76.72562978,76.47301032,76.33676531,76.17977227,76.00639533
IDA total,77.47712869,77.18390387,76.89865517,76.67879723,76.53136093,76.20215625,76.15993642,75.98953716,76.07074487,76.02373236,75.96528788
IDA blend,72.14078301,71.91190586,71.76309254,71.86122054,71.98294873,71.72782696,72.15116646,72.18909052,72.20427432,72.17613037,72.11854085
Indonesia,82.55200195,82.81500244,83.18299866,83.72200012,83.24700165,83.00700378,82.45899963,81.72599792,82.13500214,81.97899628,81.83100128
IDA only,80.28877484,79.96813468,79.61419075,79.22690049,78.93736371,78.56867839,78.27928471,77.99585983,78.10857525,78.04796461,77.98428389
Isle of Man,,,,,,,,,,,
India,81.23000336,80.71299744,80.25,79.79000092,79.64399719,79.46900177,79.25900269,78.97200012,78.67199707,78.61699677,78.56800079
Not classified,,,,,,,,,,,
Ireland,72.47000122,70.61699677,69.61299896,69.22200012,69.3690033,69.29499817,69.40299988,69.18199921,68.62599945,68.09999847,67.5759964
"Iran, Islamic Rep.",70.68599701,69.95300293,69.85900116,69.76300049,69.63700104,69.44799805,70.33399963,71.5,71.42299652,71.23100281,70.94200134
Iraq,72.5019989,72.58599854,72.66699982,72.72899628,72.51699829,72.88400269,72.83399963,72.16699982,72.63800049,72.62799835,72.60700226
Iceland,78.98500061,79.13600159,78.38500214,77.84700012,78.69999695,80.39099884,80.94799805,82.30999756,80.94999695,80.58899689,80.21099854
Israel,68.99199677,69.36000061,69.25,69.42700195,69.59999847,69.51899719,69.5059967,69.28700256,69.20500183,69.08499908,68.97799683
Italy,59.45000076,58.95000076,58.54499817,59.00999832,58.30699921,58.29000092,58.41500092,58.71699905,58.77600098,58.42399979,58.05899811
Jamaica,73.4509964,73.03700256,72.64299774,72.22799683,72.51799774,72.78900146,72.82099915,73.36499786,73.80999756,73.89800262,73.95999908
Jordan,68.41000366,67.31400299,66.20600128,64.97399902,63.92900085,63.97399902,64.01999664,64.10500336,64.12200165,63.94900131,63.74599838
Japan,72.62200165,72.11199951,71.51499939,70.94799805,70.85099792,70.81199646,70.76000214,70.93800354,70.96499634,70.67500305,70.41000366
Kazakhstan,75.44400024,75.84600067,75.91200256,76.08000183,76.30599976,76.8030014,77.04299927,77.22699738,77.19400024,77.10600281,76.87000275
Kenya,70.68800354,70.69000244,70.66300201,70.51000214,70.23899841,69.95400238,69.6780014,69.3769989,69.12200165,69.10199738,69.0759964
Kyrgyz Republic,75.67700195,76.62200165,77.06199646,76.91799927,76.48799896,75.03500366,75.56400299,75.49700165,75.68699646,75.78199768,75.76499939
Cambodia,88.9260025,89.30400085,88.86399841,88.41999817,88.01100159,87.64399719,87.2990036,87.31900024,87.34400177,87.6289978,87.85800171
Kiribati,,,,,,,,,,,
St. Kitts and Nevis,,,,,,,,,,,
"Korea, Rep.",72.21099854,72.15000153,72.23400116,72.38300323,72.39099884,73.24500275,73.1210022,73.17099762,73.23600006,73.27700043,73.29000092
Kuwait,83.58300018,84.5039978,84.9240036,85.30899811,85.77500153,86.16799927,86.47599792,85.73300171,85.49199677,85.30200195,85.26999664
Latin America & Caribbean (excluding high income),78.93265463,78.52265805,78.1376516,78.42819258,78.11216506,77.91172648,77.7935714,77.47457919,77.38675453,77.30321527,77.21251434
Lao PDR,79.31700134,79.31199646,79.33599854,79.39700317,79.46600342,79.53299713,79.58200073,79.58699799,79.59500122,79.71099854,79.79399872
Lebanon,68.39900208,67.92700195,68.39499664,68.84799957,69.37999725,69.89900208,70.38400269,70.6289978,70.81800079,70.91500092,71.00099945
Liberia,59.3730011,59.28099823,59.09400177,58.8370018,58.47499847,58.28900146,58.07899857,57.91699982,57.59199905,57.50500107,57.4280014
Libya,76.81600189,77.1989975,77.90000153,77.92500305,78.34100342,78.72000122,78.83599854,78.98899841,78.93800354,78.96900177,78.95500183
St. Lucia,75.06900024,74.875,74.77500153,74.92199707,75.04799652,75.21700287,75.23200226,75.31199646,75.28600311,75.29299927,75.26100159
Latin America & Caribbean,78.64246749,78.2383638,77.8825212,78.14819409,77.84146752,77.63981445,77.52508336,77.2063152,77.1271983,77.05230104,76.96469747
Least developed countries: UN classification,81.11822058,80.77020908,80.40899738,80.01497668,79.70295129,79.3351399,79.04992904,78.76633733,78.88399337,78.8176218,78.7524475
Low income,80.58779021,80.35259122,80.11272653,79.84115312,79.64813277,79.37561122,79.21892533,79.137488,79.01267384,78.97669782,78.93428134
Liechtenstein,,,,,,,,,,,
Sri Lanka,76.4489975,76.31800079,75.91300201,75.9489975,76.29100037,75.40299988,74.37200165,73.38999939,72.44999695,72.16999817,71.85900116
Lower middle income,78.98506282,78.71854964,78.50076498,78.26499738,78.1328087,77.91613066,77.69279744,77.36038465,77.23175096,77.16013318,77.08229057
Low & middle income,77.94202444,77.65737272,77.48383091,77.35374089,77.20740382,77.00577974,76.85085578,76.59541514,76.45287618,76.2960476,76.12276258
Lesotho,75.83999634,75.4469986,75.08999634,74.73999786,74.41400146,74.29399872,74.26499939,74.42900085,74.59200287,74.84500122,75.09700012
Late-demographic dividend,77.21504118,76.97955636,76.87668973,76.85216309,76.71763289,76.54320609,76.37067361,76.05691829,75.80425551,75.49527041,75.15166111
Lithuania,62.24599838,62.33599854,63.6230011,63.66699982,64.39499664,65.22100067,64.99199677,66.19200134,66.58399963,66.66200256,66.68900299
Luxembourg,66.06800079,65.36799622,64.46199799,65.1740036,65.54100037,66.09799957,65.17299652,63.68600082,62.95600128,62.73400116,62.5320015
Latvia,67.11499786,65.28299713,65.55699921,66.69799805,66.24099731,66.64199829,67.5719986,67.40799713,68.26599884,67.94799805,67.55799866
"Macao SAR, China",76.19599915,76.90299988,76.91400146,76.95400238,76.43699646,77.55599976,77.15299988,75.97799683,76.61399841,76.53800201,76.37999725
St. Martin (French part),,,,,,,,,,,
Morocco,75.50499725,75.56300354,75.51100159,74.90799713,74.28900146,73.40200043,72.43599701,71.5059967,70.49199677,70.35199738,70.17099762
Monaco,,,,,,,,,,,
Moldova,46.41600037,45.2140007,45.80599976,43.78699875,44.74900055,44.67200089,47.26200104,45.93199921,45.77399826,45.61600113,45.42900085
Madagascar,90.73400116,91.02500153,90.64299774,90.1780014,90.05000305,89.86499786,89.62000275,89.41000366,89.22599792,89.28500366,89.34799957
Maldives,76.56199646,77.63600159,78.56999969,79.57800293,80.6210022,81.63899994,81.8789978,81.62000275,81.67199707,81.97499847,82.23400116
Middle East & North Africa,73.46276643,73.79674705,73.88210296,73.99020581,74.15898834,73.8353826,73.61528523,73.55268975,73.52950525,73.49244937,73.42569157
Mexico,80.34300232,80.10299683,79.8239975,80.09700012,79.65899658,79.44300079,79.29399872,79.07299805,79.01699829,78.91200256,78.80599976
Marshall Islands,,,,,,,,,,,
Middle income,77.72233033,77.43037037,77.25951075,77.13869905,76.99355455,76.79518658,76.63721444,76.36236096,76.21418927,76.04153562,75.85063904
North Macedonia,68.5059967,68.63400269,67.64499664,67.38700104,67.26200104,67.98300171,67.6289978,67.72699738,67.71499634,67.50800323,67.2990036
Mali,81.88300323,81.98500061,82.24299622,82.46499634,82.57499695,82.56400299,81.16999817,81.05599976,80.90200043,80.89499664,80.88300323
Malta,65.88999939,66.42099762,66.74099731,66.04299927,66.45999908,66.76399994,66.8259964,66.90699768,66.36599731,66.17500305,65.97299957
Myanmar,82.73899841,82.34600067,82.08200073,81.73600006,81.33200073,80.92199707,80.52899933,79.09500122,77.64600372,77.32499695,77.03600311
Middle East & North Africa (excluding high income),72.11090078,72.23599035,72.2066564,72.13552169,72.14917641,71.66002553,71.29662863,71.31374085,71.25534661,71.17255233,71.03485587
Montenegro,57.33399963,56.70800018,55.97499847,56.52299881,56.90800095,57.27199936,57.61600113,58.36899948,58.40999985,58.10599899,57.80599976
Mongolia,64.73799896,65.06900024,66.38400269,65.20700073,66.2009964,66.79399872,67.18699646,66.16500092,66.75900269,66.73300171,66.58599854
Northern Mariana Islands,,,,,,,,,,,
Mozambique,82.29000092,81.99900055,81.6780014,81.32299805,80.93199921,80.50299835,80.03399658,79.87400055,79.68399811,79.60500336,79.53500366
Mauritania,65.71299744,64.99900055,64.27799988,63.57300186,63.47600174,63.38100052,63.37200165,63.3730011,63.30599976,63.24000168,63.16999817
Mauritius,74.22100067,74.10099792,73.31300354,73.34500122,73.51000214,73.82900238,73.41899872,73.01499939,72.26699829,71.84100342,71.44499969
Malawi,81.44200134,81.77500153,82.12599945,82.45500183,82.76200104,82.46399689,82.2460022,81.98000336,81.80899811,82.04000092,82.25099945
Malaysia,76.20600128,76.15399933,76.72299957,77.31500244,77.61199951,77.26599884,77.39900208,77.17199707,77.2440033,77.42900085,77.58999634
North America,70.87733592,70.08895455,69.56061936,69.51435623,69.17794614,68.74368647,68.6432445,68.72226872,68.64788146,68.36656964,68.08422561
Namibia,63.04299927,62.87099838,62.90399933,62.9980011,64.30500031,64.71499634,65.06199646,65.33699799,65.55599976,65.88899994,66.2009964
New Caledonia,68.5019989,68.02100372,67.9509964,68.09200287,68.12000275,68.14700317,68.16500092,68.09400177,67.97299957,67.89299774,67.79199982
Niger,91.15299988,91.11699677,91.10500336,91.00299835,90.94100189,90.85500336,90.78600311,90.66799927,90.51899719,90.45800018,90.40799713
Nigeria,60.89400101,60.66699982,60.42399979,60.17200089,59.90800095,59.85400009,59.83300018,59.93999863,59.90999985,59.79899979,59.68000031
Nicaragua,82.56500244,82.94499969,83.30999756,83.64499664,83.94499969,84.20600128,84.02799988,83.86399841,83.67500305,83.66799927,83.63899994
Netherlands,73.1760025,71.31900024,70.33499908,70.72499847,70.6230011,70.375,70.08300018,69.54399872,69.20899963,68.87799835,68.55200195
Norway,70.31999969,69.64900208,68.78500366,69.0059967,68.42700195,68.07700348,68.42500305,67.82800293,66.85900116,66.67299652,66.49099731
Nepal,87.15899658,86.85399628,86.60900116,86.34600067,86.0510025,85.71199799,85.3219986,84.92700195,84.53600311,84.41600037,84.33200073
Nauru,,,,,,,,,,,
New Zealand,74.09999847,73.81999969,73.96499634,73.41999817,73.44999695,74.20899963,74.13500214,74.9980011,75.77100372,75.69200134,75.58999634
OECD members,69.67794161,69.32018498,69.06621264,68.99948917,68.81176172,68.69849564,68.65434545,68.71332095,68.72828065,68.52006136,68.30510119
Oman,80.59400177,82.20400238,83.1289978,84.28900146,85.54299927,86.82499695,88.05400085,87.8690033,88.19499969,88.69400024,89.38999939
Other small states,73.17196457,73.28170695,73.43380537,73.5720047,74.05846957,74.26965626,74.46282435,74.52608561,74.56794849,74.64120632,74.74545492
Pakistan,80.23200226,80.0510025,79.7480011,80.21399689,80.66999817,80.1289978,81.16200256,81.26799774,81.39600372,81.45999908,81.48699951
Panama,81.60500336,79.99700165,79.24099731,80.49099731,80.76799774,79.90499878,79.18199921,79.64700317,80.56199646,80.46600342,80.36199951
Peru,86.38300323,86.27300262,86.05699921,86.01799774,85.44000244,84.86499786,84.22299957,82.97399902,84.53600311,84.68399811,84.8239975
Philippines,76.30000305,75.95200348,76.59600067,76.0739975,75.61499786,76.16500092,75.99900055,75.85800171,74.0530014,74.05599976,74.05999756
Palau,,,,,,,,,,,
Papua New Guinea,52.04899979,49.29700089,49.37099838,49.18799973,49.05699921,48.3390007,47.83800125,47.80500031,47.77299881,47.63999939,47.51300049
Poland,63.79600143,64.26399994,64.48100281,64.73100281,64.87599945,65.23100281,65.08300018,65.43199921,65.85199738,65.53500366,65.17500305
Pre-demographic dividend,73.66293033,73.36008742,73.10121987,72.80259513,72.57294635,72.38251554,72.22007518,72.11647677,72.04021088,71.99136361,71.94048961
Puerto Rico,55.81200027,55.01399994,54.26399994,53.51300049,52.75,51.97299957,51.19300079,51.19800186,51.44900131,51.27199936,51.07600021
"Korea, Dem. People’s Rep.",87.60399628,87.49199677,87.40499878,87.44100189,87.38899994,87.35199738,87.33799744,87.30999756,87.27300262,87.26699829,87.23600006
Portugal,67.47899628,66.8789978,66.81700134,66.0490036,64.94200134,64.43199921,64.16400146,64.22000122,64.66000366,64.21800232,63.77500153
Paraguay,85.51300049,83.72599792,82.72599792,84.10299683,83.5039978,82.73899841,82.86499786,83.98999786,84.10700226,84.07800293,84.03600311
West Bank and Gaza,66.44999695,66.20400238,68.05400085,68.48400116,68.64399719,70.99099731,71.34100342,71.11000061,70.76300049,71.14099884,71.47799683
Pacific island small states,75.83589169,75.91329022,75.85705309,75.31467915,74.78599448,74.20168859,74.3577181,74.42088949,74.32834014,74.2695027,74.17227224
Post-demographic dividend,68.52257638,68.07885811,67.75686627,67.69489845,67.48890439,67.26473905,67.20134354,67.2235384,67.19063097,66.955821,66.71175549
French Polynesia,64.22000122,63.79000092,63.4659996,63.12900162,62.91199875,62.63399887,62.33200073,62.00600052,61.61999893,61.25999832,60.88999939
Qatar,94.76799774,95.78500366,94.5719986,93.99900055,93.97100067,94.40100098,95.0490036,94.7440033,94.60299683,94.69100189,95.01799774
Romania,62.27500153,64.30899811,62.76800156,63.57899857,63.5359993,63.93999863,64.22499847,63.45999908,64.5039978,64.16999817,63.84199905
Russian Federation,70.01999664,70.33999634,70.55599976,70.6309967,70.78500366,70.98200226,71.23100281,71.40899658,70.9489975,70.50700378,70.02899933
Rwanda,85.29100037,85.22699738,85.10700226,84.91300201,84.65799713,84.37200165,84.15000153,83.91799927,83.66300201,83.5719986,83.46900177
South Asia,81.39442278,80.91925637,80.47157724,80.10765901,79.99311334,79.73736447,79.61684832,79.3424731,79.25432424,79.21002421,79.16703679
Saudi Arabia,73.59600067,74.39700317,75.32700348,76.94599915,78.41600037,78.84600067,79.15399933,78.65100098,78.9940033,79.22399902,79.48200226
Sudan,73.01699829,72.79299927,72.42099762,71.95899963,71.62400055,71.30400085,70.95400238,70.65000153,70.3710022,70.28800201,70.22100067
Senegal,65.9260025,64.6989975,63.50500107,62.29999924,61.0909996,59.86899948,58.62599945,58.64699936,58.59799957,58.58300018,58.54899979
Singapore,77.30500031,77.14900208,76.8769989,77.10500336,76.79799652,77.0490036,77.30799866,76.76000214,76.55699921,76.33300018,76.09500122
Solomon Islands,81.48300171,81.28099823,80.7559967,80.59100342,80.50299835,80.4960022,80.38899994,80.35199738,80.31500244,80.28299713,80.2440033
Sierra Leone,62.65100098,61.88399887,61.11000061,60.32600021,59.52799988,58.7179985,59.13800049,58.82099915,58.56399918,58.44800186,58.33000183
El Salvador,79.33999634,76.53299713,76.51999664,76.91300201,76.55999756,75.59100342,75.19999695,75.70300293,78.80899811,78.88200378,78.94100189
San Marino,,,,,,,,,,,
Somalia,75.09600067,74.91000366,74.72100067,74.54000092,74.38600159,74.28800201,74.25700378,74.24299622,74.27899933,74.34300232,74.41699982
Serbia,60.48300171,59.40200043,59.62799835,60.11299896,60.86600113,60.98600006,60.47299957,62.11999893,62.48500061,62.12900162,61.8030014
Sub-Saharan Africa (excluding high income),74.35049922,73.95341294,73.69625776,73.48162042,73.30617479,73.11104167,73.02432522,72.95174897,72.87735145,72.84807713,72.81579892
South Sudan,76.34100342,76.01399994,75.8259964,75.57499695,75.27999878,74.97699738,74.68399811,74.51699829,74.36599731,74.32499695,74.28199768
Sub-Saharan Africa,74.35049922,73.95341294,73.69625776,73.48162042,73.30617479,73.11104167,73.02432522,72.95174897,72.87735145,72.84807713,72.81579892
Small states,73.57943798,73.53078901,73.55970851,73.59490758,73.95362591,74.08850304,74.25322858,74.29766829,74.35048805,74.39017832,74.44806783
Sao Tome and Principe,76.11799622,76.46700287,76.69300079,76.8769989,76.95400238,76.91100311,76.7990036,76.62400055,76.34200287,76.23600006,76.1210022
Suriname,64.96700287,64.76399994,64.50800323,64.39299774,64.26200104,64.24299622,64.34200287,64.51200104,64.43299866,64.21399689,63.97000122
Slovak Republic,67.97799683,67.61399841,67.93000031,68.18599701,67.97100067,68.0759964,67.79399872,68.02200317,67.6760025,67.34999847,66.99700165
Slovenia,65.56400299,65.49299622,63.9469986,63.27199936,63.24000168,63.19800186,62.84999847,61.4070015,63.29899979,62.68399811,62.04700089
Sweden,67.3219986,67.43900299,67.38200378,67.25299835,67.62200165,67.60800171,67.34799957,67.39700317,67.62599945,67.60099792,67.56500244
Eswatini,63.99700165,63.94599915,64.08699799,64.22899628,64.38200378,64.64700317,64.96099854,65.28600311,65.63899994,65.91999817,66.14700317
Sint Maarten (Dutch part),,,,,,,,,,,
Seychelles,,,,,,,,,,,
Syrian Arab Republic,72.70300293,72.81900024,72.91500092,72.67299652,72.26699829,71.72599792,71.0059967,70.78500366,70.68699646,70.26200104,69.82900238
Turks and Caicos Islands,,,,,,,,,,,
Chad,79.38899994,79.08599854,79.0039978,78.79100037,78.57800293,78.32299805,78.09500122,78.04799652,77.91999817,77.85099792,77.79199982
East Asia & Pacific (IDA & IBRD countries),78.88914532,78.61119509,78.60560317,78.52144226,78.30035871,78.1044981,77.83503654,77.42428878,77.15001806,76.83912111,76.49785815
Europe & Central Asia (IDA & IBRD countries),67.72552647,68.1208315,68.41551014,68.49253364,68.7379647,68.97561574,69.26041971,69.43802243,69.55006346,69.33365355,69.07490468
Togo,80.48799896,80.27600098,79.99500275,80.0059967,79.99199677,79.89399719,79.74299622,79.55999756,79.33799744,79.32099915,79.29799652
Thailand,81.41500092,80.04799652,80.98200226,80.88300323,79.41000366,78.52300262,77.76100159,76.72399902,76.42199707,76.15399933,75.86699677
Tajikistan,56.59799957,57.0320015,57.48099899,57.89799881,58.27700043,58.61800003,58.93099976,59.22800064,59.50899887,59.73600006,59.88700104
Turkmenistan,75.86699677,76.18900299,76.55699921,76.98899841,77.43599701,77.82499695,78.09400177,78.22799683,78.26499939,78.20999908,78.12400055
Latin America & the Caribbean (IDA & IBRD countries),79.01960515,78.61394258,78.24952977,78.52368011,78.21259602,78.01049769,77.89456248,77.56364311,77.47815837,77.39384584,77.3033953
Timor-Leste,58.05599976,56.15999985,55.47100067,54.77299881,54.13000107,53.50699997,53.01900101,52.7140007,52.75600052,52.60499954,52.47600174
Middle East & North Africa (IDA & IBRD countries),72.16519387,72.29481396,72.24772313,72.1721475,72.18482506,71.66691963,71.29616579,71.31589112,71.26058901,71.17289292,71.03000736
Tonga,75.34899902,75.10199738,74.90100098,74.81900024,74.94300079,74.77200317,74.47299957,74.32900238,74.18900299,74.13800049,74.08499908
South Asia (IDA & IBRD),81.39442278,80.91925637,80.47157724,80.10765901,79.99311334,79.73736447,79.61684832,79.3424731,79.25432424,79.21002421,79.16703679
Sub-Saharan Africa (IDA & IBRD countries),74.35049922,73.95341294,73.69625776,73.48162042,73.30617479,73.11104167,73.02432522,72.95174897,72.87735145,72.84807713,72.81579892
Trinidad and Tobago,75.73200226,73.94100189,73.04699707,73.19599915,73.1969986,73.4509964,73.52500153,71.97000122,71.75800323,71.26899719,70.73600006
Tunisia,68.97499847,69.66799927,70.29599762,70.92099762,70.21099854,70.17099762,70.21600342,70.19799805,70.06800079,69.88200378,69.65000153
Turkey,69.09899902,69.64099884,70.51999664,69.81999969,70.39700317,71.24199677,71.70700073,72.16200256,72.69499969,72.5530014,72.39700317
Tuvalu,,,,,,,,,,,
Tanzania,89.17299652,88.89499664,88.59500122,88.26599884,87.90699768,87.51999664,87.44200134,87.36699677,87.26399994,87.19599915,87.1230011
Uganda,76.04000092,76.02799988,76.02600098,76.02799988,75.88400269,75.68199921,75.44100189,75.23200226,74.98699951,74.9960022,75.00900269
Ukraine,62.77799988,62.9640007,63.68199921,63.9090004,64.21900177,63.06399918,63.31600189,63.14199829,63.00799942,62.79499817,62.53099823
Upper middle income,76.54620832,76.21786707,76.07879405,76.05607736,75.88701134,75.69503779,75.59024365,75.36239989,75.18451314,74.89781442,74.57747562
Uruguay,77.05799866,76.74900055,76.82299805,76.01200104,75.83799744,75.78199768,75.13999939,74.30200195,73.68199921,73.75299835,73.81800079
United States,70.77400208,69.93199921,69.36100006,69.34999847,68.99099731,68.54499817,68.43299866,68.56099701,68.48699951,68.20500183,67.92500305
Uzbekistan,75.33699799,75.64600372,75.97899628,76.35500336,76.7440033,77.10500336,77.41000366,77.64199829,77.83499908,77.96399689,78.00900269
St. Vincent and the Grenadines,79.92900085,80.14700317,80.17299652,80.07499695,79.94000244,79.79599762,79.62599945,79.47200012,79.35600281,79.18099976,78.96900177
"Venezuela, RB",79.4240036,79.31500244,78.94400024,78.22299957,78.1969986,78.12000275,77.98300171,77.66100311,77.29199982,77.11199951,76.91300201
British Virgin Islands,,,,,,,,,,,
Virgin Islands (U.S.),68.31500244,67.81900024,67.16200256,66.7009964,66.06199646,65.44999695,64.8789978,64.43099976,64.00299835,63.67599869,63.3429985
Vietnam,80.625,81.34300232,81.63999939,81.57700348,82.49900055,82.65100098,83.01599884,82.40000153,82.56300354,82.46700287,82.30899811
Vanuatu,79.22100067,79.51799774,79.57099915,79.52700043,79.46600342,79.44300079,79.64700317,79.56300354,79.53299713,79.62400055,79.71099854
World,76.32267935,76.03878902,75.86210772,75.76683397,75.62998087,75.45208427,75.32835298,75.13245183,75.02537698,74.87041878,74.70188046
Samoa,40.41400146,40.36800003,39.79199982,39.74499893,39.92699814,39.7879982,39.59600067,38.95000076,38.74599838,38.62400055,38.46500015
Kosovo,,,,,,,,,,,
"Yemen, Rep.",68.92199707,68.79699707,68.44799805,68.15299988,67.88300323,67.59999847,68.83999634,69.98600006,70.72399902,70.80999756,70.8730011
South Africa,62.17699814,60.45299911,59.83800125,60.33499908,60.4620018,60.65499878,61.90200043,62.05099869,62.66699982,62.63000107,62.59000015
Zambia,82.99500275,82.23000336,81.49900055,80.74099731,80.58200073,80.40200043,80.21600342,80.05799866,79.8789978,79.79599762,79.72899628
Zimbabwe,88.37000275,88.40100098,88.4960022,88.5510025,88.66899872,88.79000092,88.8730011,88.93800354,88.92099762,88.99299622,89.0490036
